contract_id,supplier_id,sku,contract_unit_price,rebate_pct,late_penalty_pct,payment_days,start_date,end_date,auto_renew,minimum_volume
CON-90000,SUP-105,CAT-SERV-03,92.21,2.0,0.0,60,2026-01-01,2026-12-31,No,129
CON-90001,SUP-103,CAT-SERV-01,76.91,2.0,0.0,30,2026-01-01,2026-12-31,No,182
CON-90002,SUP-108,PKG-BOX-04,19.64,0.0,0.0,30,2026-01-01,2026-12-31,No,208
CON-90003,SUP-105,OFF-SUP-02,12.38,1.5,0.0,45,2026-01-01,2026-12-31,No,601
CON-90004,SUP-100,MRO-FLT-05,144.76,0.0,0.0,60,2026-01-01,2026-12-31,No,256
CON-90005,SUP-103,SEC-ACC-05,325.29,1.5,0.0,60,2026-01-01,2026-12-31,No,644
CON-90006,SUP-109,PKG-BOX-02,16.9,0.0,0.0,60,2026-01-01,2026-12-31,No,238
CON-90007,SUP-106,CAT-SERV-02,82.52,0.0,0.0,45,2026-01-01,2026-12-31,No,657
CON-90008,SUP-104,MRO-FLT-05,128.18,0.0,2.0,60,2026-01-01,2026-12-31,No,672
CON-90009,SUP-109,LOG-EXP-01,200.22,3.0,0.0,30,2026-01-01,2026-12-31,No,197
CON-90010,SUP-102,OFF-SUP-04,10.89,2.0,1.0,60,2026-01-01,2026-12-31,No,510
CON-90011,SUP-105,OFF-SUP-02,12.04,0.0,0.0,30,2026-01-01,2026-12-31,No,229
CON-90012,SUP-105,FAC-CLEAN-03,66.56,0.0,2.0,45,2026-01-01,2026-12-31,No,147
CON-90013,SUP-106,CAT-SERV-05,95.96,0.0,1.0,60,2026-01-01,2026-12-31,No,323
CON-90014,SUP-100,IT-ACCESS-03,119.44,0.0,0.0,45,2026-01-01,2026-12-31,No,207
CON-90015,SUP-106,MRO-FLT-02,123.64,0.0,0.0,30,2026-01-01,2026-12-31,No,597
CON-90016,SUP-107,IT-ACCESS-05,101.7,2.0,0.0,45,2026-01-01,2026-12-31,No,477
CON-90017,SUP-111,CAT-SERV-02,74.09,2.0,1.0,60,2026-01-01,2026-12-31,No,176
CON-90018,SUP-102,LOG-EXP-03,211.74,3.0,0.0,45,2026-01-01,2026-12-31,No,667
CON-90019,SUP-103,IT-ACCESS-02,114.37,2.0,0.0,45,2026-01-01,2026-12-31,No,315
CON-90020,SUP-100,LOG-EXP-03,224.73,2.0,0.0,30,2026-01-01,2026-12-31,No,544
CON-90021,SUP-111,CAT-SERV-03,83.95,1.5,1.0,30,2026-01-01,2026-12-31,No,183
CON-90022,SUP-102,IT-ACCESS-02,123.03,0.0,0.0,45,2026-01-01,2026-12-31,No,210
CON-90023,SUP-102,FAC-CLEAN-02,72.08,1.5,0.0,45,2026-01-01,2026-12-31,No,209
CON-90024,SUP-102,PKG-BOX-02,18.93,3.0,0.0,30,2026-01-01,2026-12-31,No,607
CON-90025,SUP-103,CAT-SERV-04,76.3,0.0,0.0,60,2026-01-01,2026-12-31,No,109
CON-90026,SUP-107,FAC-CLEAN-01,70.0,1.5,2.0,60,2026-01-01,2026-12-31,No,591
CON-90027,SUP-109,OFF-SUP-05,13.24,2.0,1.0,30,2026-01-01,2026-12-31,No,313
CON-90028,SUP-102,PKG-BOX-04,20.1,0.0,0.0,45,2026-01-01,2026-12-31,No,247
CON-90029,SUP-105,CAT-SERV-03,94.6,0.0,1.0,30,2026-01-01,2026-12-31,No,97
CON-90030,SUP-109,SEC-ACC-04,286.23,2.0,0.0,30,2026-01-01,2026-12-31,No,672
CON-90031,SUP-101,CAT-SERV-02,75.73,0.0,0.0,30,2026-01-01,2026-12-31,No,642
CON-90032,SUP-100,OFF-SUP-04,9.99,0.0,0.0,60,2026-01-01,2026-12-31,No,152
CON-90033,SUP-106,CAT-SERV-05,99.9,0.0,0.0,30,2026-01-01,2026-12-31,No,520
CON-90034,SUP-106,OFF-SUP-01,10.11,0.0,1.0,45,2026-01-01,2026-12-31,No,665
CON-90035,SUP-100,IT-ACCESS-05,98.63,3.0,1.0,45,2026-01-01,2026-12-31,No,294
CON-90036,SUP-107,SEC-ACC-02,381.17,1.5,1.0,60,2026-01-01,2026-12-31,No,456
CON-90037,SUP-109,PKG-BOX-04,20.21,0.0,0.0,45,2026-01-01,2026-12-31,No,281
CON-90038,SUP-104,FAC-CLEAN-05,62.66,1.5,0.0,60,2026-01-01,2026-12-31,No,269
CON-90039,SUP-108,CAT-SERV-03,89.07,2.0,0.0,30,2026-01-01,2026-12-31,No,643
CON-90040,SUP-106,SEC-ACC-03,309.73,0.0,0.0,45,2026-01-01,2026-12-31,No,382
CON-90041,SUP-111,SEC-ACC-05,322.88,0.0,2.0,60,2026-01-01,2026-12-31,No,109
CON-90042,SUP-111,FAC-CLEAN-01,77.85,2.0,2.0,30,2026-01-01,2026-12-31,No,672
CON-90043,SUP-108,LOG-EXP-01,188.78,1.5,0.0,45,2026-01-01,2026-12-31,No,421
CON-90044,SUP-108,PKG-BOX-04,20.6,3.0,0.0,45,2026-01-01,2026-12-31,No,375
CON-90045,SUP-101,SEC-ACC-02,374.1,1.5,0.0,60,2026-01-01,2026-12-31,No,510
CON-90046,SUP-110,OFF-SUP-05,12.19,0.0,0.0,30,2026-01-01,2026-12-31,No,575
CON-90047,SUP-111,IT-ACCESS-04,124.73,2.0,0.0,60,2026-01-01,2026-12-31,No,397
CON-90048,SUP-104,FAC-CLEAN-01,69.17,1.5,0.0,60,2026-01-01,2026-12-31,No,463
CON-90049,SUP-107,PKG-BOX-05,17.25,0.0,0.0,60,2026-01-01,2026-12-31,No,42
CON-90050,SUP-105,LOG-EXP-03,233.73,3.0,1.0,30,2026-01-01,2026-12-31,No,28
CON-90051,SUP-103,OFF-SUP-03,9.71,1.5,0.0,45,2026-01-01,2026-12-31,No,549
CON-90052,SUP-110,OFF-SUP-03,9.93,0.0,2.0,60,2026-01-01,2026-12-31,No,607
CON-90053,SUP-107,LOG-EXP-02,218.14,2.0,0.0,45,2026-01-01,2026-12-31,No,638
CON-90054,SUP-110,LOG-EXP-02,223.46,2.0,0.0,60,2026-01-01,2026-12-31,No,186
CON-90055,SUP-102,PKG-BOX-04,19.78,0.0,1.0,60,2026-01-01,2026-12-31,No,97
CON-90056,SUP-102,IT-ACCESS-03,137.37,0.0,0.0,45,2026-01-01,2026-12-31,No,30
CON-90057,SUP-100,IT-ACCESS-01,134.22,0.0,2.0,30,2026-01-01,2026-12-31,No,169
CON-90058,SUP-105,MRO-FLT-04,159.93,3.0,0.0,30,2026-01-01,2026-12-31,No,389
CON-90059,SUP-106,PKG-BOX-02,16.86,0.0,0.0,45,2026-01-01,2026-12-31,No,385
CON-90060,SUP-101,FAC-CLEAN-01,71.64,1.5,0.0,45,2026-01-01,2026-12-31,No,681
CON-90061,SUP-104,CAT-SERV-04,78.89,0.0,0.0,30,2026-01-01,2026-12-31,No,124
CON-90062,SUP-105,PKG-BOX-05,18.93,1.5,0.0,60,2026-01-01,2026-12-31,No,120
CON-90063,SUP-103,MRO-FLT-05,152.88,0.0,0.0,45,2026-01-01,2026-12-31,No,187
CON-90064,SUP-108,SEC-ACC-03,323.71,2.0,0.0,45,2026-01-01,2026-12-31,No,399
CON-90065,SUP-110,MRO-FLT-01,141.57,0.0,0.0,60,2026-01-01,2026-12-31,No,281
CON-90066,SUP-104,MRO-FLT-03,155.01,2.0,0.0,60,2026-01-01,2026-12-31,No,351
CON-90067,SUP-101,OFF-SUP-04,10.1,3.0,1.0,60,2026-01-01,2026-12-31,No,182
CON-90068,SUP-103,PKG-BOX-02,18.9,0.0,0.0,45,2026-01-01,2026-12-31,No,544
CON-90069,SUP-106,SEC-ACC-01,325.14,1.5,1.0,60,2026-01-01,2026-12-31,No,337
CON-90070,SUP-107,CAT-SERV-05,93.8,2.0,0.0,45,2026-01-01,2026-12-31,No,116
CON-90071,SUP-111,PKG-BOX-04,16.88,0.0,0.0,60,2026-01-01,2026-12-31,No,122
CON-90072,SUP-108,MRO-FLT-04,146.1,1.5,0.0,45,2026-01-01,2026-12-31,No,355
CON-90073,SUP-109,OFF-SUP-02,11.04,0.0,1.0,30,2026-01-01,2026-12-31,No,538
CON-90074,SUP-106,PKG-BOX-05,19.76,1.5,1.0,45,2026-01-01,2026-12-31,No,542
CON-90075,SUP-106,LOG-EXP-04,231.49,3.0,0.0,45,2026-01-01,2026-12-31,No,359
CON-90076,SUP-100,FAC-CLEAN-03,67.1,0.0,0.0,30,2026-01-01,2026-12-31,No,250
CON-90077,SUP-106,MRO-FLT-04,150.95,1.5,0.0,60,2026-01-01,2026-12-31,No,24
CON-90078,SUP-107,SEC-ACC-01,320.07,0.0,1.0,60,2026-01-01,2026-12-31,No,634
CON-90079,SUP-107,PKG-BOX-03,14.43,2.0,1.0,45,2026-01-01,2026-12-31,No,396
CON-90080,SUP-100,LOG-EXP-04,213.42,0.0,2.0,30,2026-01-01,2026-12-31,No,104
CON-90081,SUP-100,PKG-BOX-02,17.08,3.0,1.0,30,2026-01-01,2026-12-31,No,559
CON-90082,SUP-100,IT-ACCESS-02,109.29,2.0,1.0,30,2026-01-01,2026-12-31,No,273
CON-90083,SUP-108,SEC-ACC-05,332.34,1.5,1.0,45,2026-01-01,2026-12-31,No,522
CON-90084,SUP-111,IT-ACCESS-01,133.55,2.0,0.0,30,2026-01-01,2026-12-31,No,369
CON-90085,SUP-104,FAC-CLEAN-05,62.48,1.5,0.0,30,2026-01-01,2026-12-31,No,599
CON-90086,SUP-106,LOG-EXP-01,191.77,2.0,1.0,45,2026-01-01,2026-12-31,No,622
CON-90087,SUP-107,CAT-SERV-05,93.19,3.0,1.0,60,2026-01-01,2026-12-31,No,221
CON-90088,SUP-100,MRO-FLT-04,166.91,0.0,0.0,45,2026-01-01,2026-12-31,No,286
CON-90089,SUP-106,FAC-CLEAN-04,57.32,0.0,2.0,60,2026-01-01,2026-12-31,No,32
CON-90090,SUP-106,SEC-ACC-01,298.49,3.0,0.0,60,2026-01-01,2026-12-31,No,387
CON-90091,SUP-102,OFF-SUP-05,12.97,0.0,0.0,45,2026-01-01,2026-12-31,No,421
CON-90092,SUP-100,SEC-ACC-05,320.2,0.0,2.0,45,2026-01-01,2026-12-31,No,212
CON-90093,SUP-108,MRO-FLT-04,166.59,1.5,0.0,45,2026-01-01,2026-12-31,No,193
CON-90094,SUP-103,OFF-SUP-02,11.9,3.0,0.0,30,2026-01-01,2026-12-31,No,669
CON-90095,SUP-100,IT-ACCESS-02,109.61,0.0,0.0,60,2026-01-01,2026-12-31,No,187
CON-90096,SUP-107,IT-ACCESS-05,97.98,0.0,0.0,30,2026-01-01,2026-12-31,No,281
CON-90097,SUP-103,IT-ACCESS-01,137.4,0.0,0.0,45,2026-01-01,2026-12-31,No,96
CON-90098,SUP-106,PKG-BOX-03,16.5,0.0,0.0,60,2026-01-01,2026-12-31,No,550
CON-90099,SUP-104,OFF-SUP-03,9.07,2.0,0.0,45,2026-01-01,2026-12-31,No,175
CON-90100,SUP-103,IT-ACCESS-02,125.69,0.0,0.0,60,2026-01-01,2026-12-31,No,113
CON-90101,SUP-105,MRO-FLT-05,153.37,0.0,1.0,45,2026-01-01,2026-12-31,No,184
CON-90102,SUP-105,MRO-FLT-05,158.32,3.0,0.0,60,2026-01-01,2026-12-31,No,130
CON-90103,SUP-110,MRO-FLT-05,148.33,1.5,0.0,60,2026-01-01,2026-12-31,No,689
CON-90104,SUP-104,MRO-FLT-01,140.66,0.0,0.0,45,2026-01-01,2026-12-31,No,452
CON-90105,SUP-108,OFF-SUP-02,12.33,1.5,0.0,60,2026-01-01,2026-12-31,No,594
CON-90106,SUP-101,SEC-ACC-02,345.79,0.0,0.0,60,2026-01-01,2026-12-31,No,475
CON-90107,SUP-111,MRO-FLT-03,135.21,1.5,0.0,45,2026-01-01,2026-12-31,No,412
CON-90108,SUP-100,OFF-SUP-04,10.4,0.0,0.0,60,2026-01-01,2026-12-31,No,324
CON-90109,SUP-102,FAC-CLEAN-02,67.33,0.0,0.0,45,2026-01-01,2026-12-31,No,596
CON-90110,SUP-108,MRO-FLT-02,139.43,1.5,0.0,45,2026-01-01,2026-12-31,No,344
CON-90111,SUP-109,IT-ACCESS-02,116.06,0.0,0.0,60,2026-01-01,2026-12-31,No,263
CON-90112,SUP-101,PKG-BOX-04,18.75,3.0,0.0,60,2026-01-01,2026-12-31,No,264
CON-90113,SUP-105,LOG-EXP-04,244.28,2.0,1.0,45,2026-01-01,2026-12-31,No,618
CON-90114,SUP-109,MRO-FLT-02,112.88,0.0,0.0,60,2026-01-01,2026-12-31,No,665
CON-90115,SUP-108,PKG-BOX-03,16.84,2.0,0.0,60,2026-01-01,2026-12-31,No,329
CON-90116,SUP-103,OFF-SUP-01,11.04,3.0,0.0,45,2026-01-01,2026-12-31,No,256
CON-90117,SUP-102,IT-ACCESS-03,130.66,1.5,0.0,30,2026-01-01,2026-12-31,No,249
CON-90118,SUP-111,IT-ACCESS-01,121.53,0.0,0.0,30,2026-01-01,2026-12-31,No,514
CON-90119,SUP-106,PKG-BOX-05,17.99,3.0,0.0,45,2026-01-01,2026-12-31,No,58
CON-90120,SUP-105,OFF-SUP-02,11.41,2.0,2.0,60,2026-01-01,2026-12-31,No,620
CON-90121,SUP-111,IT-ACCESS-05,113.03,0.0,0.0,30,2026-01-01,2026-12-31,No,437
CON-90122,SUP-101,PKG-BOX-03,15.94,0.0,0.0,30,2026-01-01,2026-12-31,No,575
CON-90123,SUP-110,IT-ACCESS-05,109.36,0.0,1.0,45,2026-01-01,2026-12-31,No,274
CON-90124,SUP-109,IT-ACCESS-02,126.12,0.0,0.0,60,2026-01-01,2026-12-31,No,49
CON-90125,SUP-110,FAC-CLEAN-03,69.6,2.0,1.0,30,2026-01-01,2026-12-31,No,440
CON-90126,SUP-110,MRO-FLT-03,160.56,0.0,2.0,30,2026-01-01,2026-12-31,No,528
CON-90127,SUP-110,IT-ACCESS-03,133.29,1.5,0.0,45,2026-01-01,2026-12-31,No,22
CON-90128,SUP-101,LOG-EXP-05,221.37,0.0,0.0,60,2026-01-01,2026-12-31,No,264
CON-90129,SUP-102,CAT-SERV-04,76.41,0.0,0.0,60,2026-01-01,2026-12-31,No,131
CON-90130,SUP-105,IT-ACCESS-03,133.59,2.0,1.0,60,2026-01-01,2026-12-31,No,680
CON-90131,SUP-105,LOG-EXP-05,220.33,0.0,1.0,30,2026-01-01,2026-12-31,No,590
CON-90132,SUP-107,OFF-SUP-02,12.44,0.0,0.0,60,2026-01-01,2026-12-31,No,56
CON-90133,SUP-100,SEC-ACC-01,331.46,0.0,0.0,45,2026-01-01,2026-12-31,No,395
CON-90134,SUP-107,SEC-ACC-02,389.51,0.0,0.0,60,2026-01-01,2026-12-31,No,357
CON-90135,SUP-107,OFF-SUP-02,12.74,1.5,1.0,30,2026-01-01,2026-12-31,No,69
CON-90136,SUP-100,MRO-FLT-04,166.34,1.5,0.0,45,2026-01-01,2026-12-31,No,691
CON-90137,SUP-111,LOG-EXP-05,214.31,2.0,0.0,45,2026-01-01,2026-12-31,No,505
CON-90138,SUP-110,OFF-SUP-05,12.96,0.0,0.0,45,2026-01-01,2026-12-31,No,244
CON-90139,SUP-101,SEC-ACC-04,315.22,0.0,0.0,30,2026-01-01,2026-12-31,No,240
CON-90140,SUP-109,FAC-CLEAN-02,67.25,0.0,0.0,30,2026-01-01,2026-12-31,No,659
CON-90141,SUP-103,LOG-EXP-02,252.44,2.0,2.0,45,2026-01-01,2026-12-31,No,211
CON-90142,SUP-107,MRO-FLT-04,159.65,0.0,0.0,60,2026-01-01,2026-12-31,No,526
CON-90143,SUP-100,MRO-FLT-02,141.93,3.0,1.0,45,2026-01-01,2026-12-31,No,386
CON-90144,SUP-103,LOG-EXP-04,229.96,0.0,2.0,45,2026-01-01,2026-12-31,No,602
CON-90145,SUP-111,CAT-SERV-04,88.95,0.0,0.0,60,2026-01-01,2026-12-31,No,234
CON-90146,SUP-102,OFF-SUP-03,10.01,0.0,0.0,45,2026-01-01,2026-12-31,No,432
CON-90147,SUP-109,OFF-SUP-02,11.25,2.0,1.0,45,2026-01-01,2026-12-31,No,217
CON-90148,SUP-101,FAC-CLEAN-05,60.1,0.0,0.0,60,2026-01-01,2026-12-31,No,495
CON-90149,SUP-105,IT-ACCESS-02,125.96,0.0,1.0,30,2026-01-01,2026-12-31,No,292
CON-90150,SUP-103,FAC-CLEAN-05,65.71,0.0,0.0,60,2026-01-01,2026-12-31,No,343
CON-90151,SUP-106,MRO-FLT-01,155.33,3.0,0.0,60,2026-01-01,2026-12-31,No,185
CON-90152,SUP-101,IT-ACCESS-05,113.43,0.0,0.0,45,2026-01-01,2026-12-31,No,484
CON-90153,SUP-108,LOG-EXP-05,215.93,0.0,0.0,30,2026-01-01,2026-12-31,No,538
CON-90154,SUP-108,OFF-SUP-05,11.38,0.0,0.0,30,2026-01-01,2026-12-31,No,564
CON-90155,SUP-103,MRO-FLT-02,124.31,2.0,0.0,45,2026-01-01,2026-12-31,No,65
CON-90156,SUP-108,OFF-SUP-02,11.25,2.0,0.0,45,2026-01-01,2026-12-31,No,579
CON-90157,SUP-100,SEC-ACC-03,298.16,1.5,1.0,60,2026-01-01,2026-12-31,No,83
CON-90158,SUP-103,PKG-BOX-04,18.88,0.0,0.0,45,2026-01-01,2026-12-31,No,270
CON-90159,SUP-101,FAC-CLEAN-03,74.23,0.0,0.0,30,2026-01-01,2026-12-31,No,139
CON-90160,SUP-111,PKG-BOX-03,16.58,0.0,0.0,45,2026-01-01,2026-12-31,No,287
CON-90161,SUP-111,OFF-SUP-02,12.33,2.0,1.0,45,2026-01-01,2026-12-31,No,216
CON-90162,SUP-106,IT-ACCESS-02,119.71,0.0,1.0,30,2026-01-01,2026-12-31,No,53
CON-90163,SUP-104,SEC-ACC-04,301.92,0.0,0.0,45,2026-01-01,2026-12-31,No,401
CON-90164,SUP-110,OFF-SUP-03,9.53,1.5,0.0,60,2026-01-01,2026-12-31,No,64
CON-90165,SUP-101,CAT-SERV-01,73.17,1.5,0.0,30,2026-01-01,2026-12-31,No,339
CON-90166,SUP-100,OFF-SUP-03,9.69,0.0,0.0,45,2026-01-01,2026-12-31,No,165
CON-90167,SUP-102,SEC-ACC-05,310.01,0.0,0.0,45,2026-01-01,2026-12-31,No,237
CON-90168,SUP-109,FAC-CLEAN-04,61.72,0.0,0.0,45,2026-01-01,2026-12-31,No,624
CON-90169,SUP-102,IT-ACCESS-05,109.68,0.0,0.0,60,2026-01-01,2026-12-31,No,599
CON-90170,SUP-103,IT-ACCESS-03,134.54,3.0,0.0,45,2026-01-01,2026-12-31,No,338
CON-90171,SUP-103,PKG-BOX-05,18.35,0.0,0.0,30,2026-01-01,2026-12-31,No,680
CON-90172,SUP-111,FAC-CLEAN-03,74.71,0.0,0.0,60,2026-01-01,2026-12-31,No,90
CON-90173,SUP-104,OFF-SUP-01,11.66,0.0,0.0,45,2026-01-01,2026-12-31,No,650
CON-90174,SUP-103,PKG-BOX-04,19.94,0.0,0.0,30,2026-01-01,2026-12-31,No,467
CON-90175,SUP-106,FAC-CLEAN-02,68.85,2.0,0.0,45,2026-01-01,2026-12-31,No,511
CON-90176,SUP-111,SEC-ACC-04,312.36,3.0,0.0,30,2026-01-01,2026-12-31,No,650
CON-90177,SUP-111,CAT-SERV-02,73.67,1.5,0.0,45,2026-01-01,2026-12-31,No,413
CON-90178,SUP-101,OFF-SUP-05,12.65,2.0,0.0,60,2026-01-01,2026-12-31,No,599
CON-90179,SUP-111,CAT-SERV-01,82.47,2.0,0.0,30,2026-01-01,2026-12-31,No,273
CON-90180,SUP-102,MRO-FLT-02,143.82,1.5,1.0,45,2026-01-01,2026-12-31,No,676
CON-90181,SUP-101,LOG-EXP-05,216.71,3.0,0.0,60,2026-01-01,2026-12-31,No,88
CON-90182,SUP-111,PKG-BOX-02,18.05,2.0,0.0,60,2026-01-01,2026-12-31,No,271
CON-90183,SUP-108,LOG-EXP-03,202.38,1.5,0.0,45,2026-01-01,2026-12-31,No,614
CON-90184,SUP-101,OFF-SUP-02,12.11,1.5,0.0,45,2026-01-01,2026-12-31,No,276
CON-90185,SUP-106,FAC-CLEAN-01,72.42,0.0,1.0,45,2026-01-01,2026-12-31,No,148
CON-90186,SUP-102,CAT-SERV-04,84.63,0.0,0.0,45,2026-01-01,2026-12-31,No,74
CON-90187,SUP-102,IT-ACCESS-02,114.39,0.0,2.0,45,2026-01-01,2026-12-31,No,383
CON-90188,SUP-103,IT-ACCESS-02,124.16,2.0,0.0,60,2026-01-01,2026-12-31,No,656
CON-90189,SUP-100,MRO-FLT-02,135.33,0.0,2.0,30,2026-01-01,2026-12-31,No,642
CON-90190,SUP-109,LOG-EXP-03,190.4,2.0,1.0,30,2026-01-01,2026-12-31,No,148
CON-90191,SUP-107,CAT-SERV-05,101.29,1.5,0.0,60,2026-01-01,2026-12-31,No,592
CON-90192,SUP-102,CAT-SERV-01,84.29,0.0,0.0,30,2026-01-01,2026-12-31,No,680
CON-90193,SUP-101,PKG-BOX-01,15.41,1.5,0.0,30,2026-01-01,2026-12-31,No,81
CON-90194,SUP-110,FAC-CLEAN-02,75.43,3.0,2.0,30,2026-01-01,2026-12-31,No,159
CON-90195,SUP-106,FAC-CLEAN-05,60.48,1.5,2.0,30,2026-01-01,2026-12-31,No,53
CON-90196,SUP-107,MRO-FLT-02,127.5,3.0,0.0,60,2026-01-01,2026-12-31,No,445
CON-90197,SUP-101,IT-ACCESS-05,93.91,1.5,0.0,60,2026-01-01,2026-12-31,No,340
CON-90198,SUP-103,MRO-FLT-05,155.89,2.0,0.0,30,2026-01-01,2026-12-31,No,146
CON-90199,SUP-111,OFF-SUP-04,10.08,1.5,0.0,45,2026-01-01,2026-12-31,No,538
CON-90200,SUP-111,LOG-EXP-02,236.05,1.5,0.0,30,2026-01-01,2026-12-31,No,87
CON-90201,SUP-107,OFF-SUP-04,11.58,0.0,0.0,60,2026-01-01,2026-12-31,No,435
CON-90202,SUP-109,SEC-ACC-03,316.95,2.0,0.0,45,2026-01-01,2026-12-31,No,509
CON-90203,SUP-104,LOG-EXP-03,202.58,2.0,0.0,45,2026-01-01,2026-12-31,No,315
CON-90204,SUP-108,IT-ACCESS-02,112.44,1.5,1.0,30,2026-01-01,2026-12-31,No,353
CON-90205,SUP-110,FAC-CLEAN-04,48.73,0.0,0.0,30,2026-01-01,2026-12-31,No,518
CON-90206,SUP-110,FAC-CLEAN-03,72.93,0.0,0.0,45,2026-01-01,2026-12-31,No,514
CON-90207,SUP-103,PKG-BOX-01,15.54,0.0,0.0,60,2026-01-01,2026-12-31,No,188
CON-90208,SUP-109,FAC-CLEAN-05,67.26,0.0,0.0,60,2026-01-01,2026-12-31,No,415
CON-90209,SUP-102,FAC-CLEAN-03,69.36,0.0,0.0,60,2026-01-01,2026-12-31,No,177
CON-90210,SUP-101,LOG-EXP-05,199.93,2.0,2.0,30,2026-01-01,2026-12-31,No,29
CON-90211,SUP-105,LOG-EXP-05,218.56,2.0,2.0,45,2026-01-01,2026-12-31,No,219
CON-90212,SUP-109,MRO-FLT-01,140.73,0.0,0.0,45,2026-01-01,2026-12-31,No,263
CON-90213,SUP-106,PKG-BOX-04,20.83,2.0,1.0,30,2026-01-01,2026-12-31,No,539
CON-90214,SUP-111,SEC-ACC-01,364.93,0.0,0.0,45,2026-01-01,2026-12-31,No,474
CON-90215,SUP-111,OFF-SUP-01,11.0,0.0,0.0,30,2026-01-01,2026-12-31,No,313
CON-90216,SUP-111,OFF-SUP-01,11.48,2.0,0.0,30,2026-01-01,2026-12-31,No,540
CON-90217,SUP-110,CAT-SERV-02,82.28,0.0,2.0,45,2026-01-01,2026-12-31,No,543
CON-90218,SUP-100,LOG-EXP-01,199.68,2.0,0.0,60,2026-01-01,2026-12-31,No,312
CON-90219,SUP-110,SEC-ACC-04,283.17,0.0,0.0,60,2026-01-01,2026-12-31,No,164
CON-90220,SUP-108,MRO-FLT-01,140.92,0.0,0.0,30,2026-01-01,2026-12-31,No,570
CON-90221,SUP-106,FAC-CLEAN-03,70.35,1.5,2.0,30,2026-01-01,2026-12-31,No,298
CON-90222,SUP-107,PKG-BOX-02,19.53,2.0,0.0,45,2026-01-01,2026-12-31,No,294
CON-90223,SUP-101,PKG-BOX-04,18.77,2.0,2.0,45,2026-01-01,2026-12-31,No,156
CON-90224,SUP-107,SEC-ACC-03,292.32,3.0,0.0,60,2026-01-01,2026-12-31,No,200
CON-90225,SUP-104,FAC-CLEAN-04,56.82,1.5,1.0,30,2026-01-01,2026-12-31,No,595
CON-90226,SUP-104,FAC-CLEAN-04,60.99,2.0,0.0,30,2026-01-01,2026-12-31,No,643
CON-90227,SUP-107,IT-ACCESS-04,119.55,2.0,0.0,30,2026-01-01,2026-12-31,No,385
CON-90228,SUP-102,CAT-SERV-01,84.81,0.0,0.0,30,2026-01-01,2026-12-31,No,378
CON-90229,SUP-106,LOG-EXP-03,221.96,3.0,0.0,60,2026-01-01,2026-12-31,No,477
CON-90230,SUP-108,SEC-ACC-01,344.77,3.0,1.0,60,2026-01-01,2026-12-31,No,216
CON-90231,SUP-111,SEC-ACC-03,296.1,3.0,0.0,45,2026-01-01,2026-12-31,No,126
CON-90232,SUP-104,MRO-FLT-04,151.1,3.0,1.0,60,2026-01-01,2026-12-31,No,438
CON-90233,SUP-102,LOG-EXP-03,213.35,2.0,0.0,45,2026-01-01,2026-12-31,No,543
CON-90234,SUP-111,FAC-CLEAN-04,58.34,0.0,1.0,60,2026-01-01,2026-12-31,No,504
CON-90235,SUP-110,IT-ACCESS-02,126.19,0.0,1.0,30,2026-01-01,2026-12-31,No,289
CON-90236,SUP-108,OFF-SUP-05,12.08,0.0,0.0,45,2026-01-01,2026-12-31,No,622
CON-90237,SUP-104,IT-ACCESS-02,121.76,1.5,0.0,30,2026-01-01,2026-12-31,No,671
CON-90238,SUP-100,PKG-BOX-03,14.9,0.0,0.0,30,2026-01-01,2026-12-31,No,455
CON-90239,SUP-103,FAC-CLEAN-01,71.15,0.0,0.0,30,2026-01-01,2026-12-31,No,681
CON-90240,SUP-104,IT-ACCESS-05,113.65,2.0,0.0,30,2026-01-01,2026-12-31,No,68
CON-90241,SUP-100,SEC-ACC-01,364.5,2.0,0.0,60,2026-01-01,2026-12-31,No,449
CON-90242,SUP-102,LOG-EXP-04,218.16,0.0,1.0,30,2026-01-01,2026-12-31,No,338
CON-90243,SUP-103,OFF-SUP-03,10.95,0.0,0.0,60,2026-01-01,2026-12-31,No,667
CON-90244,SUP-108,PKG-BOX-04,19.12,1.5,0.0,30,2026-01-01,2026-12-31,No,462
CON-90245,SUP-107,PKG-BOX-03,14.73,0.0,0.0,60,2026-01-01,2026-12-31,No,125
CON-90246,SUP-104,IT-ACCESS-03,127.01,0.0,1.0,60,2026-01-01,2026-12-31,No,315
CON-90247,SUP-106,PKG-BOX-04,19.68,3.0,0.0,45,2026-01-01,2026-12-31,No,45
CON-90248,SUP-106,CAT-SERV-04,85.77,0.0,2.0,45,2026-01-01,2026-12-31,No,456
CON-90249,SUP-105,LOG-EXP-04,247.37,0.0,0.0,30,2026-01-01,2026-12-31,No,399
CON-90250,SUP-100,MRO-FLT-04,163.25,0.0,2.0,45,2026-01-01,2026-12-31,No,459
CON-90251,SUP-102,CAT-SERV-04,80.33,2.0,0.0,45,2026-01-01,2026-12-31,No,293
CON-90252,SUP-110,FAC-CLEAN-05,66.66,0.0,0.0,45,2026-01-01,2026-12-31,No,662
CON-90253,SUP-108,LOG-EXP-01,204.52,1.5,0.0,60,2026-01-01,2026-12-31,No,198
CON-90254,SUP-104,SEC-ACC-05,302.05,0.0,0.0,30,2026-01-01,2026-12-31,No,654
CON-90255,SUP-105,CAT-SERV-05,100.73,1.5,0.0,30,2026-01-01,2026-12-31,No,689
CON-90256,SUP-106,FAC-CLEAN-02,69.06,0.0,0.0,30,2026-01-01,2026-12-31,No,411
CON-90257,SUP-110,MRO-FLT-02,128.06,0.0,0.0,30,2026-01-01,2026-12-31,No,690
CON-90258,SUP-107,LOG-EXP-01,187.81,0.0,1.0,45,2026-01-01,2026-12-31,No,626
CON-90259,SUP-101,IT-ACCESS-05,104.46,2.0,1.0,30,2026-01-01,2026-12-31,No,372
CON-90260,SUP-100,FAC-CLEAN-01,79.07,0.0,0.0,30,2026-01-01,2026-12-31,No,392
CON-90261,SUP-108,FAC-CLEAN-01,79.66,0.0,0.0,30,2026-01-01,2026-12-31,No,153
CON-90262,SUP-102,OFF-SUP-05,12.36,1.5,0.0,45,2026-01-01,2026-12-31,No,518
CON-90263,SUP-109,OFF-SUP-01,11.27,1.5,0.0,45,2026-01-01,2026-12-31,No,374
CON-90264,SUP-100,FAC-CLEAN-03,70.07,2.0,2.0,30,2026-01-01,2026-12-31,No,608
CON-90265,SUP-102,PKG-BOX-03,13.0,2.0,2.0,30,2026-01-01,2026-12-31,No,433
CON-90266,SUP-110,FAC-CLEAN-03,71.15,1.5,0.0,60,2026-01-01,2026-12-31,No,178
CON-90267,SUP-105,PKG-BOX-05,17.67,2.0,0.0,60,2026-01-01,2026-12-31,No,453
CON-90268,SUP-106,OFF-SUP-04,11.56,0.0,0.0,30,2026-01-01,2026-12-31,No,390
CON-90269,SUP-111,MRO-FLT-04,149.38,2.0,0.0,45,2026-01-01,2026-12-31,No,374
CON-90270,SUP-107,MRO-FLT-04,150.45,0.0,0.0,30,2026-01-01,2026-12-31,No,344
CON-90271,SUP-104,SEC-ACC-05,315.82,2.0,0.0,45,2026-01-01,2026-12-31,No,230
CON-90272,SUP-110,LOG-EXP-03,234.94,2.0,0.0,30,2026-01-01,2026-12-31,No,43
CON-90273,SUP-101,LOG-EXP-02,243.99,0.0,0.0,30,2026-01-01,2026-12-31,No,204
CON-90274,SUP-104,OFF-SUP-03,9.99,0.0,0.0,45,2026-01-01,2026-12-31,No,388
CON-90275,SUP-101,SEC-ACC-01,329.66,2.0,0.0,45,2026-01-01,2026-12-31,No,301
CON-90276,SUP-106,SEC-ACC-04,284.03,0.0,0.0,45,2026-01-01,2026-12-31,No,159
CON-90277,SUP-109,IT-ACCESS-04,117.39,0.0,1.0,60,2026-01-01,2026-12-31,No,587
CON-90278,SUP-107,MRO-FLT-01,162.45,1.5,0.0,45,2026-01-01,2026-12-31,No,203
CON-90279,SUP-104,SEC-ACC-02,336.64,0.0,0.0,60,2026-01-01,2026-12-31,No,82
CON-90280,SUP-111,FAC-CLEAN-02,65.95,0.0,0.0,60,2026-01-01,2026-12-31,No,217
CON-90281,SUP-101,IT-ACCESS-02,125.91,0.0,0.0,60,2026-01-01,2026-12-31,No,392
CON-90282,SUP-110,OFF-SUP-05,12.21,1.5,2.0,45,2026-01-01,2026-12-31,No,131
CON-90283,SUP-102,FAC-CLEAN-05,59.23,1.5,0.0,30,2026-01-01,2026-12-31,No,500
CON-90284,SUP-108,MRO-FLT-01,147.35,0.0,0.0,60,2026-01-01,2026-12-31,No,273
CON-90285,SUP-110,IT-ACCESS-05,90.5,0.0,0.0,30,2026-01-01,2026-12-31,No,57
CON-90286,SUP-102,CAT-SERV-04,77.74,1.5,1.0,45,2026-01-01,2026-12-31,No,481
CON-90287,SUP-108,OFF-SUP-04,10.48,1.5,0.0,45,2026-01-01,2026-12-31,No,695
CON-90288,SUP-104,MRO-FLT-05,162.07,0.0,0.0,45,2026-01-01,2026-12-31,No,29
CON-90289,SUP-109,LOG-EXP-01,194.73,0.0,0.0,45,2026-01-01,2026-12-31,No,42
CON-90290,SUP-103,LOG-EXP-04,212.84,3.0,2.0,30,2026-01-01,2026-12-31,No,81
CON-90291,SUP-109,MRO-FLT-01,146.36,2.0,0.0,30,2026-01-01,2026-12-31,No,381
CON-90292,SUP-108,SEC-ACC-01,299.67,2.0,0.0,30,2026-01-01,2026-12-31,No,568
CON-90293,SUP-101,OFF-SUP-02,12.39,2.0,0.0,60,2026-01-01,2026-12-31,No,43
CON-90294,SUP-111,LOG-EXP-02,219.54,0.0,0.0,30,2026-01-01,2026-12-31,No,301
CON-90295,SUP-102,CAT-SERV-01,86.76,1.5,0.0,45,2026-01-01,2026-12-31,No,203
CON-90296,SUP-104,LOG-EXP-01,190.61,0.0,1.0,60,2026-01-01,2026-12-31,No,361
CON-90297,SUP-108,LOG-EXP-01,189.95,1.5,0.0,30,2026-01-01,2026-12-31,No,679
CON-90298,SUP-103,SEC-ACC-03,262.62,2.0,0.0,45,2026-01-01,2026-12-31,No,417
CON-90299,SUP-102,MRO-FLT-04,145.68,1.5,0.0,45,2026-01-01,2026-12-31,No,574
CON-90300,SUP-103,CAT-SERV-03,84.86,2.0,0.0,45,2026-01-01,2026-12-31,No,628
CON-90301,SUP-108,FAC-CLEAN-02,75.7,0.0,2.0,60,2026-01-01,2026-12-31,No,90
CON-90302,SUP-110,IT-ACCESS-04,122.26,0.0,0.0,30,2026-01-01,2026-12-31,No,97
CON-90303,SUP-106,FAC-CLEAN-03,67.79,1.5,0.0,45,2026-01-01,2026-12-31,No,630
CON-90304,SUP-105,OFF-SUP-02,12.74,0.0,0.0,60,2026-01-01,2026-12-31,No,83
CON-90305,SUP-105,MRO-FLT-02,124.48,0.0,0.0,60,2026-01-01,2026-12-31,No,221
CON-90306,SUP-103,LOG-EXP-01,198.25,2.0,0.0,30,2026-01-01,2026-12-31,No,446
CON-90307,SUP-103,MRO-FLT-04,141.35,0.0,0.0,45,2026-01-01,2026-12-31,No,677
CON-90308,SUP-109,CAT-SERV-05,88.42,2.0,0.0,30,2026-01-01,2026-12-31,No,331
CON-90309,SUP-110,OFF-SUP-04,10.98,2.0,1.0,30,2026-01-01,2026-12-31,No,611
CON-90310,SUP-101,IT-ACCESS-02,112.45,0.0,0.0,60,2026-01-01,2026-12-31,No,398
CON-90311,SUP-108,LOG-EXP-04,219.44,2.0,0.0,30,2026-01-01,2026-12-31,No,498
CON-90312,SUP-102,LOG-EXP-02,244.78,0.0,0.0,30,2026-01-01,2026-12-31,No,681
CON-90313,SUP-107,OFF-SUP-05,11.66,0.0,0.0,60,2026-01-01,2026-12-31,No,49
CON-90314,SUP-101,PKG-BOX-03,15.7,2.0,2.0,60,2026-01-01,2026-12-31,No,240
CON-90315,SUP-104,IT-ACCESS-04,120.61,0.0,1.0,60,2026-01-01,2026-12-31,No,281
CON-90316,SUP-107,PKG-BOX-05,17.31,0.0,0.0,45,2026-01-01,2026-12-31,No,645
CON-90317,SUP-103,CAT-SERV-05,90.02,1.5,0.0,30,2026-01-01,2026-12-31,No,162
CON-90318,SUP-103,SEC-ACC-04,304.04,1.5,0.0,30,2026-01-01,2026-12-31,No,114
CON-90319,SUP-108,FAC-CLEAN-02,72.65,0.0,1.0,60,2026-01-01,2026-12-31,No,67
